{
  "project_info": {
    "project_number": "1063589147777",
    "firebase_url": "https://lens-clone-73664.firebaseio.com",
    "project_id": "lens-clone-73664",
    "storage_bucket": "lens-clone-73664.appspot.com"
  },
  "client": [
    {
      "client_info": {
        "mobilesdk_app_id": "1:1063589147777:android:e78db8fcb3fff58889c980",
        "android_client_info": {
          "package_name": "com.example.fittingroom"
        }
      },
      "oauth_client": [
        {
          "client_id": "1063589147777-4drag3f9qlhrah01krgmp515kujvcnkc.apps.googleusercontent.com",
          "client_type": 3
        }
      ],
      "api_key": [
        {
          "current_key": "AIzaSyDjHJklo6FxZvnG8vlX1-3soag3wgzxmt8"
        }
      ],
      "services": {
        "appinvite_service": {
          "other_platform_oauth_client": [
            {
              "client_id": "1063589147777-4drag3f9qlhrah01krgmp515kujvcnkc.apps.googleusercontent.com",
              "client_type": 3
            }
          ]
        }
      }
    }
  ],
  "configuration_version": "1"
}