{
  "project_info": {
    "project_number": "459155212207",
    "firebase_url": "https://instagram-clone-app-abac7.firebaseio.com",
    "project_id": "instagram-clone-app-abac7",
    "storage_bucket": "instagram-clone-app-abac7.appspot.com"
  },
  "client": [
    {
      "client_info": {
        "mobilesdk_app_id": "1:459155212207:android:1e3e07927863337db0d15a",
        "android_client_info": {
          "package_name": "com.example.fittingroom"
        }
      },
      "oauth_client": [
        {
          "client_id": "459155212207-3sfvv1hf1f20qacd6p7hjaqpndkt70o1.apps.googleusercontent.com",
          "client_type": 3
        }
      ],
      "api_key": [
        {
          "current_key": "AIzaSyA3x4GkktycXvNduHa79AsQQ6OrlMU7AuY"
        }
      ],
      "services": {
        "appinvite_service": {
          "other_platform_oauth_client": [
            {
              "client_id": "459155212207-3sfvv1hf1f20qacd6p7hjaqpndkt70o1.apps.googleusercontent.com",
              "client_type": 3
            }
          ]
        }
      }
    },
    {
      "client_info": {
        "mobilesdk_app_id": "1:459155212207:android:1ca3ff1968cdac97b0d15a",
        "android_client_info": {
          "package_name": "com.example.instagram"
        }
      },
      "oauth_client": [
        {
          "client_id": "459155212207-3sfvv1hf1f20qacd6p7hjaqpndkt70o1.apps.googleusercontent.com",
          "client_type": 3
        }
      ],
      "api_key": [
        {
          "current_key": "AIzaSyA3x4GkktycXvNduHa79AsQQ6OrlMU7AuY"
        }
      ],
      "services": {
        "appinvite_service": {
          "other_platform_oauth_client": [
            {
              "client_id": "459155212207-3sfvv1hf1f20qacd6p7hjaqpndkt70o1.apps.googleusercontent.com",
              "client_type": 3
            }
          ]
        }
      }
    }
  ],
  "configuration_version": "1"
}